lr	lambda	alpha	epochs	ft_epochs	batch_size	threshold	momentum	weight_decay	M_scale	Sparsity	Final_Accuracy	Tot_time	Pr_time	Accuracy	Train_loss
0.1	2.2	0.1	300	200	128	0.05	0.9	0.0005	1.0	10458511	93.47	1:45:13.242438	1:19:38.194704	93.15	0.3379
0.1	2.2	0.5	300	200	128	0.05	0.9	0.0005	1.0	10543967	94.44	1:44:37.156068	1:19:06.173973	94.22	0.1663
0.1	2.5	0.1	300	200	128	0.05	0.9	0.0005	1.0	10405463	93.66	1:45:09.352366	1:19:43.929425	93.48	0.4061
0.1	2.5	0.5	300	200	128	0.05	0.9	0.0005	1.0	10555810	94.5	1:45:38.564542	1:19:48.929602	94.06	0.1717
0.1	2.8	0.001	300	200	128	0.05	0.9	0.0005	1.0	10514747	93.97	1:45:03.927755	1:19:37.024647	93.23	0.2621
0.1	2.8	0.01	300	200	128	0.05	0.9	0.0005	1.0	10499477	93.9	1:44:43.531763	1:19:27.953235	93.53	0.3259
0.1	2.8	0.1	300	200	128	0.05	0.9	0.0005	1.0	10445156	93.65	1:44:43.090258	1:19:14.423732	93.43	0.452
0.1	2.8	0.5	300	200	128	0.05	0.9	0.0005	1.0	10691286	94.38	1:43:40.464964	1:18:29.607737	93.98	0.1709
