lr	lambda	alpha	epochs	ft_epochs	batch_size	threshold	momentum	weight_decay	M_scale	Sparsity	Final_Accuracy	Tot_time	Pr_time	Accuracy	Train_loss
0.1	0.05	0.1	300	200	128	0.05	0.9	0.0005	1.0	298053	93.23	3:56:29.784019	3:04:55.381514	92.56	0.0278
0.1	0.05	0.3	300	200	128	0.05	0.9	0.0005	1.0	176613	94.12	3:46:14.920505	2:55:22.052788	93.83	0.0281
0.1	0.05	0.3	300	200	128	0.05	0.9	0.0005	1.0	125773	93.78	3:55:31.102733	3:03:58.384566	92.99	0.03
0.1	0.05	0.5	300	200	128	0.05	0.9	0.0005	1.0	121212	94.22	3:43:19.396545	2:54:20.499799	93.86	0.0287
0.1	0.05	0.5	300	200	128	0.05	0.9	0.0005	1.0	121339	94.24	3:56:54.191400	3:04:38.583491	94.09	0.0284
0.1	0.1	0.1	300	200	128	0.05	0.9	0.0005	1.0	284367	94.0	3:56:24.235080	3:04:11.362387	93.54	0.052
0.1	0.1	0.3	300	200	128	0.05	0.9	0.0005	1.0	293218	93.94	3:54:40.431638	3:04:05.900482	88.09	0.05
0.1	0.1	0.5	300	200	128	0.05	0.9	0.0005	1.0	140510	94.06	3:55:29.981316	3:04:09.864560	93.92	0.0507
0.1	0.2	0.5	300	200	128	0.05	0.9	0.0005	1.0	395478	93.96	3:45:55.494845	2:56:24.375501	93.05	0.0769
